{
    "Group :EventOrder": {
        "Group :GraceTime": {
            "float :AttackRecoveryTime": 0.10000000298023224,
            "float :AttackTime": 0.6000000238418579,
            "float :SwingTime": 0.019999999552965164
        }
    }
}
