{
    "EventOrder": {
        "GraceTime": {
            "AttackRecoveryTime": 0.10000000298023224,
            "AttackTime": 0.6000000238418579,
            "SwingTime": 0.019999999552965164
        }
    }
}
