{
    "GameStartAngle": [
        0.30000001192092896,
        0.0,
        0.0
    ],
    "MaxRotateX": 2.6559998989105225,
    "MinRotateX": 1.6710000038146973,
    "Sensitivity": 1.0,
    "TargetDistance": [
        0.0,
        0.0,
        -7.0
    ]
}
