{
    "Vector3 :GameStartAngle": [
        20.0,
        0.0,
        0.0
    ],
    "Vector3 :TargetDistance": [
        0.0,
        0.0,
        -18.360000610351563
    ],
    "float :MaxRotateX": 70.0,
    "float :MinRotateX": 4.0,
    "float :Rate": 0.6000000238418579,
    "float :Sensitivity": 1.100000023841858
}
