{
    "float :DashSpeedMultiply": 0.80000001192092896,
    "float :WalkSpeedMultiply": 0.20000000298023224
}
