{
    "float :DashSpeedMultiply": 0.4000000059604645,
    "float :MoveSpeedRate": 0.20000000298023224,
    "float :RunSpeedMultiply": 0.20000000298023224,
    "float :RunThreshold": 0.5,
    "float :WalkSpeedMultiply": 0.10000000149011612
}
