{
    "float :DashSpeedMultiply": 0.6000000238418579,
    "float :MoveSpeedRate": 0.20000000298023224,
    "float :RunSpeedMultiply": 0.20000000298023224,
    "float :RunThreshold": 0.5,
    "float :WalkSpeedMultiply": 0.10000000149011612
}
