{
    "float :DashSpeedMultiply": 0.23999999463558197,
    "float :MoveSpeedRate": 0.6000000238418579,
    "float :WalkSpeedMultiply": 0.14000000059604645
}
