{
    "float :DashSpeedMultiply": 0.23999999463558197,
    "float :MoveSpeedRate": 0.6000000238418579,
    "float :RunSpeedMultiply": 0.11999999731779099,
    "float :RunThreshold": 0.5,
    "float :WalkSpeedMultiply": 0.05000000074505806
}
