{
    "float :DashSpeedMultiply": 0.4000000059604645,
    "float :WalkSpeedMultiply": 0.10000000149011612
}